{
  "seed": 0,
  "init_std": 0.5,
  "grid": 15,
  "example_noise": [
    1.0,
    2.0
  ],
  "weights": [
    [
      0.06286511054669665,
      -0.06605243164565094,
      0.32021132522164103
    ],
    [
      0.052450058576519853,
      -0.2678346865805555,
      0.18079752745474237
    ]
  ],
  "example_state_real_imag": [
    [
      0.5517448814486547,
      -0.173743156618673
    ],
    [
      0.6763011885360587,
      -0.06933659188480425
    ],
    [
      0.3380242378216451,
      0.06006325573994005
    ],
    [
      0.29200967290591634,
      -0.007900102423260256
    ]
  ],
  "example_bloch": {
    "q0": [
      0.7482036368049807,
      0.2135461977373846,
      0.5935999185321925
    ],
    "q1": [
      0.9668486373680176,
      0.1180742317781206,
      -0.09504584255680737
    ]
  },
  "ranges": {
    "q0_bloch_x": {
      "min": -0.9147644368046025,
      "max": 0.9147644368046025,
      "mean": 4.760446337313429e-05,
      "std": 0.43714569285811683
    },
    "q0_bloch_y": {
      "min": -0.3178002484554454,
      "max": 0.31780024845544547,
      "mean": 8.948960114067647e-05,
      "std": 0.150119060249438
    },
    "q0_bloch_z": {
      "min": -0.9958482783798703,
      "max": 0.9958482783798702,
      "mean": 0.06638988522532463,
      "std": 0.7272483075374012
    },
    "q1_bloch_x": {
      "min": -0.9805954567111899,
      "max": 0.9805954567111903,
      "mean": -0.01670303107375643,
      "std": 0.6746657903132657
    },
    "q1_bloch_y": {
      "min": -0.19653598119857013,
      "max": 0.19653598119857016,
      "mean": -0.0004385839249415148,
      "std": 0.10137217130529723
    },
    "q1_bloch_z": {
      "min": -0.9783968104052428,
      "max": 0.978396810405243,
      "mean": 0.004262319308090506,
      "std": 0.5302834805362118
    },
    "exp_XX_q0": {
      "min": -0.9147644368046023,
      "max": 0.9147644368046023,
      "mean": 4.760446337313133e-05,
      "std": 0.4371456928581167
    },
    "exp_XX_q1": {
      "min": -0.9805954567111898,
      "max": 0.98059545671119,
      "mean": -0.01670303107375643,
      "std": 0.6746657903132656
    },
    "exp_XY_q0": {
      "min": -0.9147644368046023,
      "max": 0.9147644368046023,
      "mean": 4.760446337313133e-05,
      "std": 0.4371456928581167
    },
    "exp_XY_q1": {
      "min": -0.19653598119857008,
      "max": 0.19653598119857008,
      "mean": -0.0004385839249415133,
      "std": 0.10137217130529722
    },
    "exp_XZ_q0": {
      "min": -0.9147644368046023,
      "max": 0.9147644368046023,
      "mean": 4.760446337313133e-05,
      "std": 0.4371456928581167
    },
    "exp_XZ_q1": {
      "min": -0.9783968104052428,
      "max": 0.978396810405243,
      "mean": 0.004262319308090509,
      "std": 0.5302834805362118
    },
    "exp_YX_q0": {
      "min": -0.3178002484554454,
      "max": 0.3178002484554454,
      "mean": 8.948960114068895e-05,
      "std": 0.15011906024943797
    },
    "exp_YX_q1": {
      "min": -0.9805954567111898,
      "max": 0.98059545671119,
      "mean": -0.01670303107375643,
      "std": 0.6746657903132656
    },
    "exp_YY_q0": {
      "min": -0.3178002484554454,
      "max": 0.3178002484554454,
      "mean": 8.948960114068895e-05,
      "std": 0.15011906024943797
    },
    "exp_YY_q1": {
      "min": -0.19653598119857008,
      "max": 0.19653598119857008,
      "mean": -0.0004385839249415133,
      "std": 0.10137217130529722
    },
    "exp_YZ_q0": {
      "min": -0.3178002484554454,
      "max": 0.3178002484554454,
      "mean": 8.948960114068895e-05,
      "std": 0.15011906024943797
    },
    "exp_YZ_q1": {
      "min": -0.9783968104052428,
      "max": 0.978396810405243,
      "mean": 0.004262319308090509,
      "std": 0.5302834805362118
    },
    "exp_ZX_q0": {
      "min": -0.9958482783798703,
      "max": 0.9958482783798702,
      "mean": 0.06638988522532462,
      "std": 0.7272483075374012
    },
    "exp_ZX_q1": {
      "min": -0.9805954567111898,
      "max": 0.98059545671119,
      "mean": -0.01670303107375643,
      "std": 0.6746657903132656
    },
    "exp_ZY_q0": {
      "min": -0.9958482783798703,
      "max": 0.9958482783798702,
      "mean": 0.06638988522532462,
      "std": 0.7272483075374012
    },
    "exp_ZY_q1": {
      "min": -0.19653598119857008,
      "max": 0.19653598119857008,
      "mean": -0.0004385839249415133,
      "std": 0.10137217130529722
    },
    "exp_ZZ_q0": {
      "min": -0.9958482783798703,
      "max": 0.9958482783798702,
      "mean": 0.06638988522532462,
      "std": 0.7272483075374012
    },
    "exp_ZZ_q1": {
      "min": -0.9783968104052428,
      "max": 0.978396810405243,
      "mean": 0.004262319308090509,
      "std": 0.5302834805362118
    }
  }
}