{
  "n_layers": 1,
  "seed": 42,
  "lr": 0.01,
  "steps": 5,
  "temperature": 1.0,
  "z0": [
    0.3,
    -1.0,
    0.7
  ],
  "target": [
    0.3333333333333333,
    0.3333333333333333,
    0.3333333333333333
  ],
  "loss": "pce",
  "init_sig": -0.2502669156485133,
  "init_std": 0.09156160599060967
}