real_mean,real_std,real_min,real_max,real_q05,real_q25,real_median,real_q75,real_q95,real_near_zero_frac,real_near_one_frac,fake_mean,fake_std,fake_min,fake_max,fake_q05,fake_q25,fake_median,fake_q75,fake_q95,fake_near_zero_frac,fake_near_one_frac,real_edge0_mean,real_edge0_std,real_edge1_mean,real_edge1_std,real_edge2_mean,real_edge2_std,real_edge3_mean,real_edge3_std,real_edge4_mean,real_edge4_std,real_edge5_mean,real_edge5_std,fake_edge0_mean,fake_edge0_std,fake_edge1_mean,fake_edge1_std,fake_edge2_mean,fake_edge2_std,fake_edge3_mean,fake_edge3_std,fake_edge4_mean,fake_edge4_std,fake_edge5_mean,fake_edge5_std,triangle_valid_frac_real,triangle_valid_frac_fake,rounded_uniqueness_real,rounded_uniqueness_fake
0.441956490278244,0.24561083316802979,0.022573940455913544,1.0,0.09641420096158981,0.24827659130096436,0.4089243412017822,0.6091230511665344,0.9160752892494202,0.0119,0.0412,0.4441533386707306,0.2400679588317871,0.03447432070970535,0.9947869777679443,0.12067209929227829,0.24397334456443787,0.4037811756134033,0.6232078075408936,0.8896326422691345,0.0006333333333333333,0.014366666666666666,0.44183462858200073,0.24439215660095215,0.4432336986064911,0.24643266201019287,0.44243377447128296,0.2468308061361313,0.4377565383911133,0.24626781046390533,0.44319698214530945,0.24358047544956207,0.4432832896709442,0.24609751999378204,0.4709155857563019,0.23385092616081238,0.39069443941116333,0.2265259176492691,0.4261854887008667,0.24169717729091644,0.4564429223537445,0.2558257579803467,0.4280146360397339,0.2429688572883606,0.49266713857650757,0.22413237392902374,0.732,0.6072,1.0,1.0
