{
  "real_mean": 0.441956490278244,
  "real_std": 0.24561083316802979,
  "real_min": 0.022573940455913544,
  "real_max": 1.0,
  "real_q05": 0.09641420096158981,
  "real_q25": 0.24827659130096436,
  "real_median": 0.4089243412017822,
  "real_q75": 0.6091230511665344,
  "real_q95": 0.9160752892494202,
  "real_near_zero_frac": 0.0119,
  "real_near_one_frac": 0.0412,
  "fake_mean": 0.4441533386707306,
  "fake_std": 0.2400679588317871,
  "fake_min": 0.03447432070970535,
  "fake_max": 0.9947869777679443,
  "fake_q05": 0.12067209929227829,
  "fake_q25": 0.24397334456443787,
  "fake_median": 0.4037811756134033,
  "fake_q75": 0.6232078075408936,
  "fake_q95": 0.8896326422691345,
  "fake_near_zero_frac": 0.0006333333333333333,
  "fake_near_one_frac": 0.014366666666666666,
  "real_edge0_mean": 0.44183462858200073,
  "real_edge0_std": 0.24439215660095215,
  "real_edge1_mean": 0.4432336986064911,
  "real_edge1_std": 0.24643266201019287,
  "real_edge2_mean": 0.44243377447128296,
  "real_edge2_std": 0.2468308061361313,
  "real_edge3_mean": 0.4377565383911133,
  "real_edge3_std": 0.24626781046390533,
  "real_edge4_mean": 0.44319698214530945,
  "real_edge4_std": 0.24358047544956207,
  "real_edge5_mean": 0.4432832896709442,
  "real_edge5_std": 0.24609751999378204,
  "fake_edge0_mean": 0.4709155857563019,
  "fake_edge0_std": 0.23385092616081238,
  "fake_edge1_mean": 0.39069443941116333,
  "fake_edge1_std": 0.2265259176492691,
  "fake_edge2_mean": 0.4261854887008667,
  "fake_edge2_std": 0.24169717729091644,
  "fake_edge3_mean": 0.4564429223537445,
  "fake_edge3_std": 0.2558257579803467,
  "fake_edge4_mean": 0.4280146360397339,
  "fake_edge4_std": 0.2429688572883606,
  "fake_edge5_mean": 0.49266713857650757,
  "fake_edge5_std": 0.22413237392902374,
  "triangle_valid_frac_real": 0.732,
  "triangle_valid_frac_fake": 0.6072,
  "rounded_uniqueness_real": 1.0,
  "rounded_uniqueness_fake": 1.0
}