{
  "LEARNING_RATE": 0.01,
  "GEN_LEARNING_RATE": 0.01,
  "BATCH_SIZE": 16,
  "TRAINING_STEPS": 1000,
  "LOSS_TYPE": "mse",
  "DEVICE": "default.qubit",
  "SEED": 42,
  "N_CITIES": 80,
  "TIMESTAMP": "20260205_042742",
  "real_edge_mean": [
    0.44363883027999934,
    0.4416982117400001,
    0.4481261328599999,
    0.42906476262000004,
    0.4518813911,
    0.4388761624799994
  ],
  "real_edge_std": [
    0.24235146318977982,
    0.2492596512877263,
    0.24711193654462352,
    0.24630330199325962,
    0.24256817801139585,
    0.24332165097009947
  ]
}