step,disc_loss,disc_grad_norm,gen_loss,gen_grad_norm,real_score_mean,real_score_std,real_score_min,real_score_max,fake_score_mean_disc,fake_score_std_disc,fake_score_min_disc,fake_score_max_disc,fake_score_mean_gen,fake_score_std_gen,fake_score_min_gen,fake_score_max_gen
1,0.22936841566471544,0.051663147310051026,0.26746848450811256,0.031164364108573067,0.5250662425774799,0.0,0.5250662425774799,0.5250662425774799,0.4828264464339726,0.0,0.4828264464339726,0.4828264464339726,0.48283583732833557,0.0,0.48283583732833557,0.48283583732833557
2,0.31260137683105166,0.016579774915103027,0.2529861033064589,0.03224992400171976,0.385048270373358,0.0,0.385048270373358,0.385048270373358,0.49702276064770196,0.0,0.49702276064770196,0.49702276064770196,0.497033096158035,0.0,0.497033096158035,0.497033096158035
3,0.2600306147056689,0.03002071173704905,0.23221760029738236,0.0027265790565922494,0.4983977355278427,0.0,0.4983977355278427,0.4983977355278427,0.5181103857755571,0.0,0.5181103857755571,0.5181103857755571,0.5181104629098806,0.0,0.5181104629098806,0.5181104629098806
4,0.25736221997848446,0.003841691668887911,0.24142189199935113,0.0013710434154291726,0.4940392420595326,0.0,0.4940392420595326,0.4940392420595326,0.5086529820998695,0.0,0.5086529820998695,0.5086529820998695,0.5086530012308985,0.0,0.5086530012308985,0.5086530012308985
5,0.3177877793660092,0.014317008671748762,0.2379686365135598,0.0011449288957879242,0.3890635018606347,0.0,0.3890635018606347,0.3890635018606347,0.5121797087927156,0.0,0.5121797087927156,0.5121797087927156,0.512179722229418,0.0,0.512179722229418,0.512179722229418
