{
  "n_layers": 2,
  "seed": 42,
  "lr": 0.05,
  "steps": 300,
  "temperature": 1.0,
  "z0": [
    0.3,
    -1.0,
    0.7
  ],
  "target": [
    0.3333333333333333,
    0.3333333333333333,
    0.3333333333333333
  ],
  "loss": "pce",
  "init_sig": -0.14871662066153807,
  "init_std": 0.08663984254846106
}