step,loss_d,loss_g,score_real,score_fake,grad_norm_d,grad_norm_g
1,0.5049951076507568,0.06643299758434296,0.479204386472702,0.48347747325897217,0.07999180257320404,0.015292908065021038
