step,loss,score_mean,score_std
1,0.5584247346129606,0.27122817498133334,0.1652766233632189
2,0.17085493659726958,0.5867886437581928,0.010550442688855799
