step,loss,score_mean,score_std
1,0.32944123684686194,0.4540589997591089,0.17717127710856134
